グループ,名前,ID,スマート度,速度,激しさ,やわらかさ,情報量,明るさ,ヘンさ,恐怖,説明
アニメーション（時間配分）,スタッガー,animation.stagger,0.8,0.53,0.53,0.87,0.53,0.53,0,0.13,文字ごとに時間差をつけて順番に動かす、リズム設計の基本。
アニメーション（時間配分）,同時,animation.simultaneous,0.6,0.53,0.6,0.4,0.53,0.53,0.13,0.13,全文字を同時に動かす。一斉に現れ、一斉に消える。
アニメーション（時間配分）,エコー,animation.echo,0.3,0.53,0.53,0.53,0.33,0.53,0.53,0.67,同じ文字列を少しずつずらして重ね、残像のように見せる。
アニメーション（時間配分）,カスケード,animation.cascade,0.7,0.53,0.73,0.47,0.53,0.53,0.2,0.2,単語ごとに間隔をあけ、波が流れるように順番に登場させる。
アニメーション（時間配分）,スプリング,animation.spring,0.45,0.73,0.73,0.53,0.53,0.53,0.2,0.13,バネのように行き過ぎて戻る動きを全体のタイミングに与える。
アニメーション（時間配分）,フォロースルー,animation.followThrough,0.65,0.53,0.53,0.73,0.53,0.53,0,0.2,後ろの文字ほど遅れて追従し、しなりや残身を出す。
アニメーション（時間配分）,ストップモーション,animation.stopMotion,0.4,0.2,0.93,0.13,0.53,0.53,0.67,0.53,動きを一定コマ数で打ち切り、コマ撮りアニメ風に見せる。
アニメーション（時間配分）,タイムワープ,animation.timeWarp,0.55,0.6,0.8,0.33,0.53,0.53,0.4,0.53,ビート内の時間の進み方をイージングで伸縮させる。
アニメーション（時間配分）,ループ,animation.loop,0.4,0.07,0.53,0.6,0.53,0.53,0,0.13,保持の動きを一定周期でループ（往復）させる。
配置（レイアウト）,行,layout.row,0.85,0.53,0.53,0.87,0.53,0.53,0,0.13,1行の横組みに整列させる（基準のレイアウト）。
配置（レイアウト）,縦組み,layout.vertical,0.8,0.53,0.27,0.87,0.53,0.53,0,0.13,縦書きに整列させる（日本語の縦組み）。
配置（レイアウト）,円,layout.circle,0.35,0.53,0.53,0.6,0.53,0.53,0,0.27,文字を円周上に並べる。
配置（レイアウト）,円弧,layout.arc,0.4,0.53,0.47,0.73,0.53,0.53,0,0.27,円弧に沿って並べる。
配置（レイアウト）,渦巻き,layout.spiral,0.2,0.53,0.73,0.47,0.53,0.53,0.2,0.47,渦巻き状に配置する。
配置（レイアウト）,波,layout.wave,0.35,0.53,0.53,0.73,0.53,0.53,0,0.2,波打つように上下させて並べる。
配置（レイアウト）,斜め,layout.diagonal,0.55,0.53,0.53,0.6,0.53,0.53,0,0.27,斜めのラインに沿って並べる。
配置（レイアウト）,階段,layout.staircase,0.55,0.53,0.6,0.53,0.53,0.53,0.07,0.33,階段状にずらして並べる。
配置（レイアウト）,グリッド,layout.grid,0.65,0.53,0.53,0.53,0.53,0.53,0,0.2,格子状に並べる。
配置（レイアウト）,積み重ね語,layout.stackedWords,0.8,0.53,0.47,0.8,0.53,0.53,0,0.2,単語ごとに改行して積み重ねる。
配置（レイアウト）,散布,layout.scatter,0.35,0.53,0.8,0.33,0.53,0.53,0.4,0.47,ランダムな位置に散らす。
配置（レイアウト）,パス,layout.path,0.4,0.53,0.6,0.53,0.53,0.53,0.07,0.33,任意のパスに沿って配置する。
登場（テキストイン）,フェード,enter.fade,0.75,0.53,0.2,0.93,0.53,0.53,0,0.2,透明度が上がって静かに現れる。最も基本のフェードイン。
登場（テキストイン）,タイプライター,enter.typewriter,0.8,0.53,0.53,0.53,0.53,0.53,0.53,0.27,1文字ずつキーボードで打ち込まれるように順番に現れる。
登場（テキストイン）,スライド,enter.slide,0.7,0.53,0.53,0.73,0.53,0.53,0,0.2,画面の外側から指定方向へ滑り込ませる。
登場（テキストイン）,落下バウンド,enter.dropBounce,0.25,0.53,0.73,0.33,0.53,0.53,0.33,0.07,上から落ちてバウンドしながら着地する。
登場（テキストイン）,ズームイン,enter.zoomIn,0.45,0.53,0.6,0.53,0.53,0.53,0.07,0.2,小さい状態から拡大して飛び出す。
登場（テキストイン）,ブラーイン,enter.blurIn,0.85,0.53,0.2,1,0.53,0.53,0,0.47,ピンボケの状態からピントが合うように現れる（文字ごとのぼかし）。
登場（テキストイン）,3Dフリップ,enter.flip3D,0.35,0.53,0.6,0.53,0.53,0.53,0.07,0.4,カードがめくれるように3D回転して現れる。
登場（テキストイン）,回転イン,enter.rotateIn,0.45,0.53,0.6,0.6,0.53,0.53,0,0.33,回転しながら現れる。
登場（テキストイン）,散布イン,enter.scatterIn,0.4,0.53,0.53,0.53,0.53,0.53,0.53,0.13,散らばった位置から集まって整列する。
登場（テキストイン）,波立ち,enter.waveRise,0.5,0.53,0.47,0.8,0.53,0.53,0,0.2,波を打つように上下しながら現れる。
登場（テキストイン）,エラスティックポップ,enter.elasticPop,0.3,0.53,0.73,0.6,0.53,0.53,0.07,0.13,弾けすぎて戻るポップな拡大登場。
登場（テキストイン）,スクランブル,enter.scramble,0.25,0.4,0.53,0.53,0.53,0.53,0.53,0.73,文字がランダムに入れ替わってから確定する。
登場（テキストイン）,グリッチイン,enter.glitchIn,0.15,0.53,1,0.07,0.53,0.53,0.73,0.87,デジタルノイズのようにずれながら現れる。
登場（テキストイン）,ネオンフリッカー,enter.neonFlicker,0.2,0.53,0.8,0.4,0.53,0.73,0.33,0.8,ネオン管のように点滅しながら点灯する。
登場（テキストイン）,ちらつき登場,enter.flickerIn,0.2,0.53,0.87,0.13,0.53,0.53,0.53,0.73,明滅を繰り返しながら現れる。
登場（テキストイン）,ストローク描画,enter.strokeDrawOn,0.8,0.53,0.53,0.53,0.53,0.53,0.53,0.13,輪郭線が描かれてから塗りが乗る。
登場（テキストイン）,パーティクル集合,enter.particlesAssemble,0.4,0.53,0.73,0.53,0.33,0.53,0.2,0.53,粒子が集まって文字の形になる。
登場（テキストイン）,砂が集まる,enter.sandGather,0.5,0.53,0.53,0.53,0.73,0.53,0.53,0.47,
登場（テキストイン）,粉砕再構築,enter.shatterRebuild,0.3,0.53,0.93,0.13,0.53,0.53,0.67,0.73,破片が回転しながら集まり、文字が再構築される。
登場（テキストイン）,前ビートからモーフ,enter.morphFromPrevious,0.6,0.53,0.53,0.53,0.53,0.53,0.53,0.47,前のキューの文字の形から変形して現れる。
登場（テキストイン）,ノイズディゾルブイン,enter.noiseDissolveIn,0.35,0.53,0.73,0.4,0.53,0.33,0.27,0.73,ノイズのしきい値で溶けながら現れる。
登場（テキストイン）,巨大ズームイン,enter.megaZoomIn,0.5,0.53,0.8,0.33,0.53,0.53,0.8,0.53,画面いっぱいの巨大文字から寄っていく導入。
登場（テキストイン）,ディゾルブ,enter.dissolve,0.5,0.53,0.53,0.53,0.53,0.53,0.53,0.47,
登場（テキストイン）,アニメーター,enter.animator,0.7,0.53,0.53,0.6,0.53,0.53,0.47,0.33,移動・拡大・回転・傾き・傾斜・不透明度・ぼかし・閃光を1つにまとめたトランスフォーム登場。
登場（テキストイン）,レンジリビール,enter.rangeReveal,0.85,0.53,0.47,0.73,0.53,0.53,0.6,0.2,レンジセレクターの帯を進捗で滑らせ、選択中の文字だけを変化前の状態に残して順に登場させる。
登場（テキストイン）,部分文字列登場,enter.substringReveal,0.5,0.53,0.53,0.53,0.53,0.53,0.53,0.13,
登場（テキストイン）,トラッキング（登場）,enter.tracking,0.9,0.53,0.33,0.93,0.53,0.53,0.53,0.27,文字間を広げた状態から詰めて着地させる（映画タイトルの定番）。
登場（テキストイン）,重力ドロップ,enter.gravityDrop,0.5,0.6,0.73,0.53,0.53,0.53,0.53,0.33,
登場（テキストイン）,上昇イン,enter.riseIn,0.6,0.53,0.53,0.53,0.53,0.53,0.53,0.13,下から持ち上がりながら現れる。
登場（テキストイン）,降下イン,enter.fallIn,0.5,0.53,0.53,0.53,0.53,0.53,0.53,0.33,上から落ちて現れる。
登場（テキストイン）,ポップイン,enter.popIn,0.35,0.53,0.53,0.53,0.53,0.53,0.53,0.07,小さな状態から弾んで現れる。
登場（テキストイン）,スピンイン,enter.spinIn,0.4,0.53,0.53,0.53,0.53,0.53,0.53,0.27,回転しながら位置に収まる。
登場（テキストイン）,フォーカスイン,enter.focusIn,0.8,0.53,0.53,0.53,0.53,0.53,0.53,0.33,ぼけた状態からピントが合う。
登場（テキストイン）,ドリフトイン,enter.driftIn,0.6,0.53,0.53,0.53,0.53,0.53,0.53,0.4,横から流れ込みながら現れる。
登場（テキストイン）,3Dティルトイン,enter.tiltIn,0.45,0.53,0.53,0.53,0.53,0.53,0.53,0.33,3Dで傾いた状態から正面を向く。
登場（テキストイン）,スイープ登場,enter.revealSweep,0.7,0.53,0.53,0.53,0.53,0.53,0.53,0.13,選択範囲をスイープさせながら文字を登場させる。
登場（テキストイン）,ソフト登場,enter.revealSoft,0.7,0.53,0.53,0.53,0.53,0.53,0.53,0.2,やわらかい形状の選択範囲で文字を登場させる。
登場（テキストイン）,ランダム登場,enter.revealRandom,0.4,0.53,0.53,0.53,0.53,0.53,0.53,0.33,ランダム順に文字を登場させる。
登場（テキストイン）,トラッキングイン,enter.trackIn,0.85,0.53,0.53,0.53,0.53,0.53,0.53,0.2,字間を詰めながら登場させる。
退場（テキストアウト）,フェード,exit.fade,0.75,0.53,0.2,0.93,0.53,0.53,0,0.2,透明度が下がって静かに消える。最も基本のフェードアウト。
退場（テキストアウト）,スライド,exit.slide,0.7,0.53,0.53,0.67,0.53,0.53,0,0.2,指定方向へ滑り去る。
退場（テキストアウト）,ズームアウト,exit.zoomOut,0.45,0.53,0.6,0.53,0.53,0.53,0.07,0.2,縮小しながら消える。
退場（テキストアウト）,ブラーアウト,exit.blurOut,0.85,0.53,0.2,1,0.53,0.53,0,0.47,ぼけながら消える（文字ごとのぼかし）。
退場（テキストアウト）,爆発,exit.explode,0.2,0.53,1,0.07,0.53,0.53,0.73,0.53,破裂して飛び散る。
退場（テキストアウト）,重力落下,exit.gravityFall,0.25,0.53,0.8,0.2,0.53,0.53,0.47,0.53,重力で落下していく。
退場（テキストアウト）,ディゾルブ,exit.dissolve,0.5,0.53,0.6,0.53,0.53,0.53,0.07,0.73,粒子状に溶けて消える。
退場（テキストアウト）,ワイプ,exit.wipe,0.75,0.53,0.47,0.67,0.53,0.53,0,0.13,指定方向へ拭き取るように消える。
退場（テキストアウト）,タイプライター逆再生,exit.typewriterReverse,0.8,0.53,0.53,0.53,0.53,0.53,0.53,0.2,打ち込まれた文字が逆順に消えていく。
退場（テキストアウト）,中心へ収縮,exit.shrinkToCenter,0.35,0.53,0.4,0.73,0.53,0.33,0,0.13,中心へ縮んで消える。
退場（テキストアウト）,パーティクル拡散,exit.particlesDisperse,0.4,0.53,0.8,0.33,0.33,0.53,0.4,0.53,粒子になって散り消える。
退場（テキストアウト）,砂になって崩れる,exit.sandCrumble,0.5,0.53,0.53,0.53,0.73,0.53,0.53,0.47,
退場（テキストアウト）,溶解,exit.melt,0.3,0.53,0.87,0.13,0.53,0.53,0.53,0.8,溶けて下へ垂れる。
退場（テキストアウト）,燃え尽き,exit.burnAway,0.3,0.53,0.93,0.13,0.53,0.33,0.67,0.73,端から燃え尽きる。
退場（テキストアウト）,ストローク消去,exit.strokeErase,0.8,0.53,0.53,0.53,0.53,0.53,0.53,0.2,輪郭線が消えていく。
退場（テキストアウト）,這い出し退場,exit.creepOut,0.5,0.53,0.8,0.2,0.53,0.53,0.47,0.73,ゆっくりとフレームの外へ滑り出る。
退場（テキストアウト）,巨大ズームアウト,exit.megaZoomOut,0.5,0.53,0.8,0.33,0.53,0.53,0.8,0.53,巨大文字から引いていく退場。
退場（テキストアウト）,アニメーター,exit.animator,0.7,0.53,0.53,0.6,0.53,0.53,0.47,0.33,移動・拡大・回転・傾き・傾斜・不透明度・ぼかし・閃光を1つにまとめたトランスフォーム退場。
退場（テキストアウト）,レンジリビール（退場）,exit.rangeReveal,0.85,0.53,0.47,0.73,0.53,0.53,0.6,0.2,帯を進捗で滑らせ、選択中の文字から順に退場させる。
退場（テキストアウト）,部分文字列退場,exit.substringReveal,0.5,0.53,0.53,0.53,0.53,0.53,0.53,0.13,
退場（テキストアウト）,トラッキング（退場）,exit.tracking,0.9,0.53,0.33,0.93,0.53,0.53,0.53,0.27,文字間を開きながら退場させる。
退場（テキストアウト）,落下（リニア）,exit.fallLinear,0.5,0.53,0.53,0.53,0.53,0.53,0.53,0.33,
退場（テキストアウト）,上昇アウト,exit.riseOut,0.6,0.53,0.53,0.53,0.53,0.53,0.53,0.2,上へ抜けながら消える。
退場（テキストアウト）,降下アウト,exit.fallOut,0.45,0.53,0.53,0.53,0.53,0.53,0.53,0.4,下へ落ちながら消える。
退場（テキストアウト）,ソフトズームアウト,exit.zoomOutSoft,0.6,0.53,0.53,0.53,0.53,0.53,0.53,0.2,ゆっくり縮みながら消える。
退場（テキストアウト）,スピンアウト,exit.spinOut,0.35,0.53,0.53,0.53,0.53,0.53,0.53,0.33,回転しながら消える。
退場（テキストアウト）,フォーカスアウト,exit.focusOut,0.8,0.53,0.53,0.53,0.53,0.53,0.53,0.33,ぼけながら消える。
退場（テキストアウト）,トラッキングアウト,exit.trackOut,0.85,0.53,0.53,0.53,0.53,0.53,0.53,0.2,字間を開きながら退場させる。
保持（ループ／常時演出）,なし,hold.none,0.95,0.53,0.53,0.53,0.53,0.53,0.53,0.07,保持中の動きなし。
保持（ループ／常時演出）,浮遊,hold.floatBob,0.45,0.27,0.33,0.87,0.53,0.53,0,0.13,ゆらゆらと浮遊する。
保持（ループ／常時演出）,サイン波,hold.sineWave,0.4,0.33,0.47,0.8,0.53,0.53,0,0.13,文字ごとに位相をずらしたサイン波で揺れる。
保持（ループ／常時演出）,ジッター,hold.jitter,0.2,0.93,0.93,0.13,0.53,0.53,0.67,0.8,細かく震え続ける。
保持（ループ／常時演出）,パルス,hold.pulse,0.15,0.53,0.8,0.2,0.53,0.53,0.47,0.13,BPMに合わせて拡大縮小し、鼓動のように脈打つ。
保持（ループ／常時演出）,透明度パルス,hold.opacityPulse,0.3,0.4,0.53,0.53,0.53,0.53,0.53,0.27,明滅（点滅）し続ける。
保持（ループ／常時演出）,ケン・バーンズ,hold.kenBurns,0.8,0.13,0.27,0.8,0.53,0.33,0,0.33,写真のケンバーンズのようにゆっくり拡大・パンする。
保持（ループ／常時演出）,ドリフト,hold.drift,0.75,0.2,0.33,0.87,0.53,0.53,0,0.33,一定方向へ流れ続ける。
保持（ループ／常時演出）,スウェイ,hold.sway,0.5,0.33,0.4,0.8,0.53,0.53,0,0.2,ゆっくり傾いて揺れる。
保持（ループ／常時演出）,マーキー,hold.marquee,0.4,0.53,0.53,0.53,0.53,0.53,0.53,0.33,電光掲示板のように横へ流れ続ける。
保持（ループ／常時演出）,ゼリー,hold.jelly,0.3,0.6,0.73,0.4,0.53,0.53,0.27,0.53,ゼリーのように歪んで弾む。
保持（ループ／常時演出）,うねりワープ,hold.wobbleWarp,0.25,0.47,0.73,0.33,0.53,0.53,0.33,0.6,波打つように輪郭を歪ませる。
保持（ループ／常時演出）,ツイスト,hold.twist,0.35,0.33,0.6,0.53,0.53,0.53,0.07,0.6,上下でねじれさせる。
保持（ループ／常時演出）,ブリージング,hold.breathing,0.6,0.13,0.2,0.93,0.53,0.53,0,0.2,呼吸するようにふくらみ続ける。
保持（ループ／常時演出）,3Dオービット,hold.orbit3D,0.35,0.4,0.53,0.53,0.53,0.53,0.53,0.4,3Dで回り込むように傾き続ける。
保持（ループ／常時演出）,円運動,hold.orbit2D,0.5,0.27,0.53,0.53,0.53,0.53,0.53,0.13,一文字ずつ角度をずらしながら円を描いて公転する。
保持（ループ／常時演出）,パス追従,hold.pathFollow,0.5,0.4,0.53,0.6,0.53,0.53,0,0.33,パスに沿って移動し続ける。
保持（ループ／常時演出）,鼓動,hold.heartbeat,0.2,0.73,0.53,0.87,0.53,0.53,0,0.73,鼓動のように2段階で脈打つ。
保持（ループ／常時演出）,震え,hold.shiver,0.25,0.93,0.93,0.13,0.53,0.53,0.6,0.73,一定間隔でブルッと震える。
保持（ループ／常時演出）,文字サイズ,hold.fontSize,0.55,0.33,0.73,0.33,0.53,0.53,0.87,0.47,ブロックごと文字サイズを変える（文字も字間も一緒に拡大縮小）。
保持（ループ／常時演出）,画面いっぱい,hold.fillScreen,0.3,0.4,0.87,0.27,0.53,0.53,0.93,0.53,文字ブロックが画面いっぱいになるまで拡大する。
保持（ループ／常時演出）,伸び縮み,hold.squashStretch,0.3,0.6,0.8,0.4,0.53,0.33,0.73,0.53,文字ごとに伸び縮みを繰り返す（スクワッシュ＆ストレッチ）。
保持（ループ／常時演出）,渦変形,hold.swirl,0.3,0.53,0.73,0.33,0.53,0.53,0.8,0.53,文字を渦状にねじり続ける。
保持（ループ／常時演出）,ディゾルブ,hold.dissolve,0.5,0.4,0.53,0.53,0.53,0.53,0.53,0.47,
保持（ループ／常時演出）,ワープ,hold.warp,0.4,0.4,0.53,0.4,0.53,0.53,0.93,0.73,行全体を円弧・アーチ・膨張・旗・波・魚型・魚眼・インフレート・ライズ・スクイーズ・ツイストにワープさせる。
保持（ループ／常時演出）,文字ワープ,hold.letterWarp,0.4,0.4,0.6,0.47,0.53,0.53,0.87,0.73,1文字ごとに曲げ・膨張・しぼみ・テーパー・波・リップル・伸縮・旗・ジグザグのワープをかける。
保持（ループ／常時演出）,アニメーター,hold.animator,0.7,0.53,0.4,0.73,0.53,0.53,0.4,0.33,サイン／ウィグル／パルス／浮遊で、保持中にトランスフォームを揺らし続ける。
保持（ループ／常時演出）,レンジセレクター,hold.rangeSelector,0.8,0.53,0.47,0.67,0.53,0.53,0.73,0.33,選択帯に入った文字だけを、移動・拡大・回転・不透明度・ぼかし・ハイライト色・字間で動かし続ける（レンジセレクター）。
保持（ループ／常時演出）,トラッキング（保持）,hold.tracking,0.85,0.53,0.53,0.53,0.53,0.53,0.53,0.27,保持中に文字間を開閉させ続ける（パルス／呼吸／ビート同期）。
保持（ループ／常時演出）,ソフトボディ,hold.softBody,0.5,0.4,0.53,0.93,0.53,0.53,0.93,0.33,
保持（ループ／常時演出）,重力ハング,hold.gravityHang,0.5,0.33,0.33,0.8,0.53,0.53,0.67,0.33,
保持（ループ／常時演出）,呼吸,hold.breathe,0.5,0.27,0.53,0.53,0.53,0.53,0.53,0.2,
保持（ループ／常時演出）,蠕動,hold.crawl,0.5,0.33,0.53,0.53,0.53,0.53,0.53,0.47,
保持（ループ／常時演出）,心拍,hold.heartThrob,0.5,0.53,0.53,0.53,0.53,0.53,0.53,0.33,
保持（ループ／常時演出）,震え,hold.quiver,0.5,0.6,0.53,0.53,0.53,0.53,0.53,0.4,
保持（ループ／常時演出）,ゼリー追従,hold.jellyFollow,0.5,0.47,0.53,0.53,0.53,0.53,0.53,0.33,
保持（ループ／常時演出）,ビートバウンス,hold.beatBounce,0.5,0.6,0.53,0.53,0.53,0.53,0.53,0.27,
保持（ループ／常時演出）,円弧ワープ,hold.warpArc,0.5,0.2,0.53,0.53,0.53,0.53,0.53,0.53,行全体を円弧に巻く。
保持（ループ／常時演出）,アーチワープ,hold.warpArch,0.5,0.2,0.53,0.53,0.53,0.53,0.53,0.53,行全体をアーチ状に持ち上げる。
保持（ループ／常時演出）,膨張ワープ,hold.warpBulge,0.5,0.2,0.53,0.53,0.53,0.53,0.53,0.53,行全体を中央から膨らませる。
保持（ループ／常時演出）,旗ワープ,hold.warpFlag,0.5,0.2,0.53,0.53,0.53,0.53,0.53,0.47,行全体を旗のように揺らす。
保持（ループ／常時演出）,波ワープ,hold.warpWave,0.5,0.4,0.53,0.53,0.53,0.53,0.53,0.53,行全体に波を通す。
保持（ループ／常時演出）,魚型ワープ,hold.warpFish,0.5,0.2,0.53,0.53,0.53,0.53,0.53,0.53,行全体を魚のようにしならせる。
保持（ループ／常時演出）,フィッシュアイワープ,hold.warpFisheye,0.5,0.2,0.53,0.53,0.53,0.53,0.53,0.6,行全体を魚眼レンズのように歪ませる。
保持（ループ／常時演出）,インフレートワープ,hold.warpInflate,0.5,0.2,0.53,0.53,0.53,0.53,0.53,0.53,行全体を縦横に膨らませる。
保持（ループ／常時演出）,ライズワープ,hold.warpRise,0.5,0.2,0.53,0.53,0.53,0.53,0.53,0.53,行全体を斜めに持ち上げる。
保持（ループ／常時演出）,スクイーズワープ,hold.warpSqueeze,0.5,0.2,0.53,0.53,0.53,0.53,0.53,0.53,行全体を横に絞る。
保持（ループ／常時演出）,ツイストワープ,hold.warpTwist,0.5,0.2,0.53,0.53,0.53,0.53,0.53,0.67,行全体を渦状にねじる。
保持（ループ／常時演出）,文字ベンド,hold.letterBend,0.5,0.2,0.53,0.53,0.53,0.53,0.53,0.47,1文字ずつ弧に曲げる。
保持（ループ／常時演出）,文字バルジ,hold.letterBulge,0.5,0.2,0.53,0.53,0.53,0.53,0.53,0.53,1文字ずつ中央を膨らませる。
保持（ループ／常時演出）,文字リップル,hold.letterRipple,0.5,0.47,0.53,0.53,0.53,0.53,0.53,0.53,1文字の輪郭に波紋を通す。
保持（ループ／常時演出）,文字フラッグ,hold.letterFlag,0.5,0.2,0.53,0.53,0.53,0.53,0.53,0.4,1文字ずつ旗のように揺らす。
保持（ループ／常時演出）,文字ジグザグ,hold.letterZigzag,0.5,0.2,0.53,0.53,0.53,0.53,0.53,0.47,1文字の輪郭をジグザグに刻む。
保持（ループ／常時演出）,文字テーパー,hold.letterTaper,0.5,0.2,0.53,0.53,0.53,0.53,0.53,0.4,1文字を上すぼまり／下すぼまりにする。
保持（ループ／常時演出）,ボイル（煮沸）,hold.boil,0.35,0.8,0.53,0.53,0.53,0.53,0.53,0.73,コマ撮りのように微かに揺れ続ける。
保持（ループ／常時演出）,浮遊ループ,hold.floatLoop,0.5,0.27,0.53,0.53,0.53,0.53,0.53,0.13,ゆっくり浮遊し続ける。
保持（ループ／常時演出）,呼吸ループ,hold.breatheLoop,0.6,0.13,0.53,0.53,0.53,0.53,0.53,0.13,呼吸するように拡大縮小を繰り返す。
保持（ループ／常時演出）,スウェイループ,hold.swayLoop,0.5,0.33,0.53,0.53,0.53,0.53,0.53,0.2,ゆっくり傾いて揺れ続ける。
保持（ループ／常時演出）,ビートパルス,hold.beatPulse,0.2,0.6,0.53,0.53,0.53,0.53,0.53,0.13,ビートに合わせて脈打つ。
保持（ループ／常時演出）,ハイライトスイープ,hold.highlightSweep,0.5,0.53,0.53,0.53,0.53,0.73,0.53,0.13,ハイライトが文字列を流れ続ける。
保持（ループ／常時演出）,ウェーブループ,hold.waveLoop,0.45,0.4,0.53,0.53,0.53,0.53,0.53,0.27,選択帯がループして波のように流れる。
保持（ループ／常時演出）,ビートハイライト,hold.beatHighlight,0.25,0.6,0.53,0.53,0.53,0.73,0.53,0.2,ビートに合わせてハイライトが弾ける。
保持（ループ／常時演出）,トラッキング呼吸,hold.trackBreath,0.6,0.2,0.53,0.53,0.53,0.53,0.53,0.2,呼吸のように字間が開閉する。
保持（ループ／常時演出）,トラッキングビート,hold.trackBeat,0.25,0.6,0.53,0.53,0.53,0.53,0.53,0.2,ビートに合わせて字間が弾む。
位置（画面内の置き場所）,中央,location.center,0.6,0.53,0.4,0.73,0.53,0.53,0,0.13,画面中央に置く。
位置（画面内の置き場所）,下三分の一,location.lowerThird,0.8,0.53,0.4,0.8,0.53,0.53,0,0.13,画面下三分の一に置く（字幕の定番位置）。
位置（画面内の置き場所）,上三分の一,location.upperThird,0.75,0.53,0.4,0.8,0.53,0.53,0,0.13,画面上三分の一に置く。
位置（画面内の置き場所）,左,location.left,0.7,0.53,0.53,0.53,0.53,0.53,0.53,0.13,画面の左寄りに置く。
位置（画面内の置き場所）,右,location.right,0.7,0.53,0.53,0.53,0.53,0.53,0.53,0.13,画面の右寄りに置く。
位置（画面内の置き場所）,カラオケ,location.karaoke,0.75,0.53,0.53,0.53,0.53,0.53,0.53,0.13,カラオケ字幕のように下寄りに置く。
位置（画面内の置き場所）,積み重ね,location.stacked,0.6,0.53,0.47,0.73,0.53,0.53,0,0.13,重ならないよう下へ積み重ねて置く。
位置（画面内の置き場所）,ランダム（安全領域）,location.randomSafe,0.4,0.53,0.53,0.53,0.53,0.53,0.53,0.33,セーフエリア内のランダムな位置に置く。
位置（画面内の置き場所）,バッジ固定,location.badgeAnchored,0.65,0.53,0.53,0.6,0.53,0.53,0,0.13,実績バッジの横に寄り添わせる。
位置（画面内の置き場所）,カスタム,location.custom,0.5,0.53,0.53,0.53,0.53,0.53,0.53,0.13,X/Yを直接指定して置く。
位置（画面内の置き場所）,グリッド,location.grid,0.5,0.53,0.53,0.53,0.53,0.53,0.53,0.13,
塗り,単色,fill.solid,0.85,0.53,0.47,0.93,0.53,0.53,0,0.13,単色で塗る。
塗り,カテゴリ色,fill.categoryColor,0.8,0.53,0.53,0.73,0.53,0.53,0.13,0.13,実績カテゴリの色で塗る。
塗り,グラデーションスイープ,fill.gradientSweep,0.5,0.27,0.6,0.6,0.53,0.53,0.47,0.27,グラデーションを流しながら塗る。
塗り,レインボーフロー,fill.rainbowFlow,0.15,0.33,0.73,0.53,0.53,0.73,0.87,0.33,虹色が流れるように塗る。
塗り,ホログラフィック,fill.holographic,0.3,0.27,0.67,0.53,0.53,0.73,0.8,0.33,ホログラムのように玉虫色に輝く。
塗り,クローム,fill.chrome,0.25,0.53,0.8,0.13,0.53,0.6,0.6,0.33,クロームメッキのような金属光沢。
塗り,金箔,fill.goldFoil,0.2,0.53,0.8,0.13,0.53,0.73,0.53,0.2,金箔のような質感。
塗り,炎,fill.fire,0.15,0.33,1,0.07,0.53,0.73,0.93,0.53,炎が揺らめく質感。
塗り,コースティクス,fill.caustics,0.5,0.27,0.53,0.87,0.53,0.6,0.53,0.47,水面の光のゆらぎ（コースティクス）。
塗り,大理石,fill.marble,0.45,0.53,0.53,0.53,0.53,0.4,0.73,0.53,大理石の模様。
塗り,ガラス,fill.glass,0.7,0.53,0.47,0.93,0.53,0.6,0.33,0.33,ガラスのように透けて光る。
塗り,テクスチャ,fill.textureFill,0.4,0.53,0.53,0.53,0.53,0.53,0.53,0.4,画像テクスチャを貼る（未設定時は手続き模様）。
塗り,カラオケワイプ,fill.karaokeWipe,0.6,0.53,0.53,0.53,0.53,0.53,0.53,0.27,歌詞の進行に合わせて色が切り替わる（カラオケワイプ）。
塗り,墨,fill.ink,0.6,0.53,0.4,0.73,0.53,0.27,0.4,0.73,筆で書いたような墨の質感。
塗り,ストライプ,fill.stripes,0.5,0.53,0.53,0.53,0.53,0.53,0.73,0.13,斜線ストライプの柄で塗る（色・角度・太さ・割合・流れを調整）。
塗り,チェッカー,fill.checker,0.5,0.53,0.6,0.47,0.53,0.53,0.73,0.13,市松（チェッカー）柄で塗る。
塗り,ダイヤ格子,fill.diamondGrid,0.5,0.53,0.53,0.53,0.53,0.53,0.73,0.13,ダイヤ格子の柄で塗る。
塗り,ハーフトーン,fill.halftone,0.5,0.53,0.6,0.4,0.53,0.53,0.8,0.13,網点（ハーフトーン）で塗る。
塗り,ハッチング,fill.hatch,0.5,0.53,0.67,0.33,0.53,0.53,0.87,0.13,片方向のハッチング（斜線）で塗る。
塗り,ランダム斑点,fill.randomSpeckle,0.5,0.53,0.73,0.33,0.53,0.53,0.93,0.13,ランダムな斑点ノイズで塗る。
縁取り・影,縁取り,edge.outline,0.6,0.53,0.6,0.33,0.53,0.53,0.33,0.2,縁取り線を引く（破線・点線・点線ダッシュ・二重／三重線・ストライプ・チェッカー・ダイヤ・ジグザグ・波・ランダム・梯子・ハッチ・スケッチ）。
縁取り・影,ネオン,edge.neonGlow,0.35,0.53,0.87,0.53,0.53,0.73,0.73,0.4,ネオンのように外側へ発光させる。
縁取り・影,内側グロー,edge.innerGlow,0.4,0.53,0.6,0.8,0.53,0.6,0.33,0.33,文字の内側を発光させる。
縁取り・影,ベベル,edge.bevel,0.15,0.53,0.73,0.2,0.53,0.53,0.53,0.33,面取りしたように立体感を出す。
縁取り・影,押し出し,edge.extrude,0.25,0.53,0.87,0.13,0.53,0.53,0.73,0.53,奥行きをつけて押し出す。
縁取り・影,ロングシャドウ,edge.longShadow,0.4,0.53,0.73,0.27,0.53,0.33,0.6,0.53,斜めに伸びる長い影を落とす。
縁取り・影,ドロップシャドウ,edge.dropShadow,0.7,0.53,0.33,0.87,0.53,0.33,0,0.2,ぼかした影を落とす。
縁取り・影,滴り,edge.drip,0.2,0.53,0.8,0.33,0.53,0.33,0.87,0.87,輪郭からしずくが垂れる。
縁取り・影,多重縁取り,edge.multiLine,0.5,0.53,0.53,0.53,0.2,0.53,0.53,0.33,文字の輪郭を平行な複数の線で囲む（色・太さ・間隔・レイヤー遅延を調整）。
後処理（画面効果）,グリッチブロック,post.glitchBlocks,0.15,0.87,0.93,0.13,0.53,0.53,0.67,0.87,画面をブロック単位でずらしてグリッチさせる。
後処理（画面効果）,RGBシフト,post.rgbShift,0.2,0.73,0.8,0.2,0.53,0.53,0.47,0.73,RGBをずらして色ずれを起こす。
後処理（画面効果）,スキャンティア,post.scanTear,0.2,0.73,0.53,0.53,0.53,0.53,0.53,0.87,走査線のように横へちぎる。
後処理（画面効果）,VHSトラッキング,post.vhsTracking,0.2,0.6,0.53,0.53,0.53,0.53,0.53,0.87,VHSのトラッキングずれとノイズ。
後処理（画面効果）,データスミア,post.dataSmear,0.2,0.53,0.53,0.53,0.53,0.33,0.53,0.87,データが引き延ばされたように伸びる。
後処理（画面効果）,デジタルノイズ,post.digitalNoise,0.25,0.73,0.87,0.13,0.53,0.33,0.53,0.87,デジタルノイズを散らす。
後処理（画面効果）,グリッチスライス,post.glitchSlice,0.45,0.87,0.93,0.13,0.53,0.53,0.93,0.93,横スライス単位でずらす。
後処理（画面効果）,ノイズディゾルブ,post.noiseDissolve,0.35,0.53,0.53,0.53,0.53,0.33,0.53,0.8,ノイズで溶かしながら消す／現す。
後処理（画面効果）,方向ディゾルブ,post.directionalDissolve,0.35,0.53,0.53,0.53,0.53,0.53,0.53,0.73,指定方向から溶かす。
後処理（画面効果）,ピクセルディゾルブ,post.pixelDissolve,0.35,0.6,0.53,0.53,0.53,0.53,0.53,0.73,ピクセル単位で溶かす。
後処理（画面効果）,燃焼ディゾルブ,post.burnDissolve,0.3,0.53,0.53,0.53,0.53,0.33,0.53,0.8,焼き切れるように消す。
後処理（画面効果）,ハーフトーンディゾルブ,post.halftoneDissolve,0.3,0.53,0.53,0.53,0.53,0.53,0.53,0.73,網点に変換しながら消す。
後処理（画面効果）,パーティクルディゾルブ,post.particleDissolve,0.35,0.4,0.53,0.53,0.27,0.53,0.53,0.73,粒子になって散る。
後処理（画面効果）,衝撃波,post.shockwave,0.35,0.73,0.53,0.53,0.53,0.53,0.53,0.53,衝撃波のリングで歪ませる。
後処理（画面効果）,ズームブラー,post.zoomBlur,0.4,0.4,0.6,0.53,0.53,0.53,0.07,0.47,中心から放射状にぶれさせる。
後処理（画面効果）,モーションブラー,post.motionBlur,0.5,0.33,0.53,0.53,0.53,0.53,0.53,0.4,指定方向へぶらす（モーションブラー）。
後処理（画面効果）,エコートレイル,post.echoTrail,0.25,0.47,0.73,0.4,0.4,0.53,0.93,0.73,残像を重ねる。
後処理（画面効果）,ゴッドレイ,post.godRays,0.2,0.2,0.6,0.6,0.53,0.8,0.73,0.2,光条（ゴッドレイ）を放射する。
後処理（画面効果）,ライトスイープ,post.lightSweep,0.4,0.53,0.8,0.47,0.53,0.8,0.27,0.13,光の帯が横切る。
後処理（画面効果）,万華鏡,post.kaleidoscope,0.25,0.33,0.53,0.53,0.53,0.53,0.53,0.53,万華鏡のように鏡映する。
後処理（画面効果）,ミラー,post.mirror,0.3,0.33,0.53,0.53,0.53,0.53,0.53,0.4,上下または左右に鏡映する。
後処理（画面効果）,ピクセルソート,post.pixelSort,0.3,0.33,0.53,0.53,0.53,0.53,0.53,0.73,明るさでピクセルを並べ替える。
後処理（画面効果）,レンズ歪み,post.lensDistortion,0.45,0.33,0.6,0.4,0.53,0.53,0.13,0.53,レンズ歪みと色収差を与える。
後処理（画面効果）,カラーグレード,post.colorGrade,0.8,0.2,0.4,0.73,0.53,0.53,0,0.2,明度・彩度・ポスタライズを調整する。
後処理（画面効果）,変位マップ,post.displacementMap,0.4,0.4,0.53,0.53,0.53,0.53,0.53,0.6,ノイズで座標をずらす。
後処理（画面効果）,ブルーム,post.bloom,0.6,0.27,0.53,0.53,0.53,0.8,0.53,0.13,明部をにじませて発光させる。
後処理（画面効果）,色収差,post.chromaticAberration,0.45,0.47,0.73,0.33,0.53,0.53,0.33,0.73,色収差を強める。
後処理（画面効果）,CRT,post.crt,0.2,0.4,0.73,0.33,0.53,0.4,0.33,0.73,ブラウン管風の走査線・湾曲・周辺減光。
後処理（画面効果）,フィルムグレイン,post.filmGrain,0.7,0.53,0.33,0.8,0.53,0.33,0,0.6,フィルムの粒子ノイズを乗せる。
後処理（画面効果）,ハーフトーン,post.halftone,0.5,0.33,0.6,0.4,0.53,0.4,0.13,0.67,網点（ハーフトーン）に変換する。
後処理（画面効果）,ピクセル化,post.pixelate,0.25,0.33,0.73,0.33,0.53,0.4,0.33,0.6,モザイク状に粗くする。
後処理（画面効果）,陽炎,post.heatHaze,0.4,0.4,0.53,0.53,0.53,0.53,0,0.53,陽炎のようにゆらゆら歪ませる。
後処理（画面効果）,ライトリーク,post.lightLeak,0.35,0.27,0.6,0.67,0.53,0.87,0,0.13,フィルムの光漏れを加える。
後処理（画面効果）,ビネット,post.vignette,0.1,0.13,0.27,0.93,0.53,0.27,0,0.4,周辺を暗く落とす。
後処理（画面効果）,スパークル,post.sparkles,0.15,0.53,0.53,0.73,0.4,0.8,0,0.07,きらめき（星・ハート）を散らす。
後処理（画面効果）,レンズフレア,post.lensFlare,0.15,0.33,0.6,0.6,0.53,0.73,0.67,0.13,レンズフレアを入れる。
後処理（画面効果）,波ワープ,post.waveWarp,0.3,0.47,0.6,0.53,0.53,0.53,0.87,0.53,波で映像を揺らす（波長・振幅・波形・端の固定を選べる）。
後処理（画面効果）,ツワール,post.twirl,0.2,0.47,0.67,0.4,0.53,0.53,0.87,0.6,中心の周りに渦巻きを作る。
後処理（画面効果）,乱流変位,post.turbulentDisplace,0.25,0.6,0.73,0.33,0.53,0.53,0.93,0.73,乱流ノイズで座標をずらす。
後処理（画面効果）,スピンブラー,post.spinBlur,0.25,0.6,0.73,0.4,0.53,0.53,0.8,0.6,中心の周りを回転ぶれさせる。
後処理（画面効果）,ストロボ閃光,post.strobeFlash,0.15,0.93,0.93,0.13,0.53,0.73,0.93,0.73,BPMに合わせて閃光を焚く（音声テンポにも追従）。
後処理（画面効果）,アナモルフィック光条,post.anamorphicStreak,0.55,0.33,0.73,0.4,0.53,0.73,0.73,0.33,明部から横一直線の光条を伸ばす。
後処理（画面効果）,放射ワイプ,post.radialWipe,0.35,0.33,0.53,0.53,0.53,0.53,0.53,0.2,放射状にワイプする（時計回り／反時計回り）。
後処理（画面効果）,ベネチアンブラインド,post.venetianBlinds,0.25,0.6,0.67,0.47,0.53,0.53,0.87,0.53,ブラインド状の帯で画面を覆う。
後処理（画面効果）,カメラ,post.camera,0.75,0.4,0.53,0.53,0.53,0.53,0.73,0.4,カメラワーク（寄り・引き・パン・ティルト・手持ち・旋回・パンチ）。
後処理（画面効果）,シェイプレイヤー,post.shapeLayer,0.6,0.4,0.53,0.53,0.53,0.53,0.53,0.53,テキストの周囲に下線・枠・カギ括弧・リング・集中線・十字を描く。トリム（弧長）で描き進み、登場・退場・保持ループ・ビートに同期。
後処理（画面効果）,カメラ寄り,post.cameraPushIn,0.7,0.33,0.53,0.53,0.53,0.53,0.53,0.33,ゆっくり寄る。
後処理（画面効果）,カメラ引き,post.cameraPullOut,0.7,0.33,0.53,0.53,0.53,0.53,0.53,0.33,ゆっくり引く。
後処理（画面効果）,カメラ左パン,post.cameraPanLeft,0.7,0.33,0.53,0.53,0.53,0.53,0.53,0.33,左へパンする。
後処理（画面効果）,カメラ右パン,post.cameraPanRight,0.7,0.33,0.53,0.53,0.53,0.53,0.53,0.33,右へパンする。
後処理（画面効果）,カメラティルト,post.cameraTilt,0.6,0.33,0.53,0.53,0.53,0.53,0.53,0.4,上下にティルトする。
後処理（画面効果）,カメラ手持ち,post.cameraHandheld,0.3,0.8,0.53,0.53,0.53,0.47,0.53,0.73,手持ちのように細かく揺れる。
後処理（画面効果）,カメラ旋回,post.cameraOrbit,0.4,0.53,0.53,0.53,0.53,0.53,0.53,0.53,被写体の周りを旋回する。
後処理（画面効果）,カメラパンチ,post.cameraPunch,0.2,0.73,0.53,0.53,0.53,0.53,0.53,0.6,ビートに合わせてズームで殴る。
背景,なし,background.none,0.9,0.53,0.53,0.53,0.53,0.53,0.53,0.07,背景なし。
背景,単色,background.solid,0.8,0.53,0.4,0.6,0.53,0.33,0,0.13,単色で塗る。
背景,ベタ塗り,background.plain,0.5,0.53,0.53,0.53,0.53,0.53,0.53,0.13,
背景,グラデーション（8方向）,background.gradient,0.6,0.2,0.53,0.53,0.53,0.47,0.53,0.13,2色のグラデーション。
背景,ノイズグラデーション,background.noiseGradient,0.55,0.2,0.4,0.8,0.53,0.4,0,0.33,ノイズでゆらぐグラデーション。
背景,実績カード,background.card,0.5,0.53,0.53,0.73,0.53,0.53,0,0.13,実績カードを背景に敷く。
背景,楽曲カバー,background.cover,0.5,0.53,0.53,0.53,0.53,0.53,0.53,0.33,楽曲カバー画像を背景に敷く。
背景,画像,background.image,0.5,0.53,0.53,0.53,0.53,0.53,0.53,0.33,指定画像を背景に敷く。
背景,パターン,background.pattern,0.45,0.27,0.53,0.6,0.6,0.53,0,0.2,グリッド・ドット・ストライプなどの幾何パターンを敷く。
背景,図形,background.shapes,0.35,0.27,0.53,0.6,0.33,0.53,0,0.27,図形・パーティクル・波形などを背景に描く。
背景,フラクタルノイズ,background.fractalNoise,0.55,0.53,0.33,0.8,0.53,0.33,0.6,0.6,フラクタルノイズ（種類・オクターブ・サブ設定・進化・ドリフト・ドメインワープ）。
背景,光線,background.rays,0.15,0.53,0.6,0.53,0.53,0.6,0.73,0.33,光線（サンバースト／光芒／スポットライト）。
背景,4色グラデーション,background.gradient4,0.6,0.27,0.4,0.73,0.53,0.53,0.67,0.27,4隅が動く4色グラデーション。
背景,セルパターン,background.cellPattern,0.45,0.53,0.53,0.47,0.67,0.4,0.8,0.6,セルパターン（ボロノイ細胞・ひび・プレート・きらめき・泡）。
背景,パーティクルフィールド,background.particleField,0.4,0.53,0.53,0.6,0.73,0.47,0.73,0.53,パーティクル（ボケ・星・雪・塵・火の粉・雨・ハイパースペース）。
背景,パースグリッド,background.perspectiveGrid,0.3,0.53,0.6,0.4,0.53,0.53,0.87,0.53,パースグリッド（シンセウェーブの定番）。
背景,トンネル,background.tunnel,0.2,0.6,0.73,0.33,0.53,0.33,0.93,0.73,トンネル（円・四角・六角、縞とねじれ）。
背景,シェイプクリップ,background.shapeLayer,0.6,0.27,0.53,0.53,0.53,0.53,0.53,0.53,ユーザーが置けるシェイプクリップ。下線・枠・カギ括弧・リングなどを文字ブロック／行に合わせて描き、トリム（弧長）・破線・パス変形で動かす。
文字背景の形,なし,bgShape.none,0.5,0.53,0.53,0.53,0.53,0.53,0.53,0,文字背景なし。
文字背景の形,四角,bgShape.square,0.5,0.53,0.53,0.53,0.53,0.53,0.53,0.13,四角で囲む。
文字背景の形,1つおきに消す,bgShape.bgHideEveryOther,0.5,0.53,0.53,0.53,0.53,0.53,0.53,0.13,
文字背景の形,3つおきに消す,bgShape.bgHideEveryThird,0.5,0.53,0.53,0.53,0.53,0.53,0.53,0.13,
文字背景の動き,文字に追従,bgMotion.follow,0.5,0.33,0.53,0.53,0.53,0.53,0.53,0.13,文字に追従させる（基本）。
文字背景の動き,フェード,bgMotion.fade,0.5,0.87,0.53,0.53,0.53,0.53,0.53,0.27,ふわっと現れて消える。
文字背景の動き,ポップ,bgMotion.pop,0.5,0.6,0.53,0.53,0.53,0.53,0.53,0.13,ポンと弾んで出る。
文字背景の動き,スタンプ,bgMotion.stamp,0.5,0.53,0.53,0.53,0.53,0.53,0.53,0.33,スタンプのように押される。
文字背景の動き,ワイプ,bgMotion.wipe,0.5,0.87,0.53,0.53,0.53,0.53,0.53,0.2,ワイプで現れる。
文字背景の動き,回転,bgMotion.spin,0.5,0.53,0.53,0.53,0.53,0.53,0.53,0.33,回転しながら出る。
文字背景の動き,伸びる,bgMotion.grow,0.5,0.87,0.53,0.53,0.53,0.53,0.53,0.27,伸びながら現れる（軸を選べる）。
文字背景の動き,なし,bgMotion.none,0.5,0.87,0.53,0.53,0.53,0.53,0.53,0.07,文字背景を動かさない。
文字背景の動き,ちらつき,bgMotion.flicker,0.5,0.93,0.53,0.53,0.53,0.53,0.53,0.8,点滅する。
文字背景の動き,にじみ,bgMotion.bleed,0.5,0.4,0.53,0.53,0.53,0.53,0.53,0.73,にじみ出る。
文字背景の動き,浮かぶ,bgMotion.float,0.5,0.33,0.53,0.53,0.53,0.53,0.53,0.2,浮遊する。
文字背景の動き,落下,bgMotion.fall,0.5,0.53,0.53,0.53,0.53,0.53,0.53,0.53,落下する。
文字背景の動き,描画,bgMotion.draw,0.5,0.33,0.53,0.53,0.53,0.53,0.53,0.2,輪郭線が弧長に沿って描かれ、引き終わると内部が現れる。
リピート（複製配置）,縦積み,repeat.stackV,0.5,0.53,0.53,0.53,0.6,0.53,0.53,0.47,文字列を縦に積み重ねて複製する。
リピート（複製配置）,横並び,repeat.rowH,0.5,0.53,0.53,0.53,0.6,0.53,0.53,0.4,文字列を横に並べて複製する。
リピート（複製配置）,斜め,repeat.diagonal,0.5,0.53,0.53,0.53,0.6,0.53,0.53,0.47,斜め方向へ複製する。
リピート（複製配置）,グリッド,repeat.grid,0.5,0.53,0.53,0.53,0.8,0.53,0.53,0.47,格子状に複製する。
リピート（複製配置）,放射,repeat.radial,0.5,0.53,0.53,0.53,0.6,0.53,0.53,0.53,放射状に複製する。
リピート（複製配置）,扇,repeat.fan,0.5,0.53,0.53,0.53,0.6,0.53,0.53,0.4,扇状に複製する。
リピート（複製配置）,トンネル,repeat.tunnel,0.5,0.53,0.53,0.53,0.8,0.33,0.53,0.6,奥へ続くトンネルのように複製する。
リピート（複製配置）,散らし,repeat.scatter,0.5,0.53,0.53,0.53,0.73,0.53,0.53,0.53,ランダムに散らして複製する。
リピート（複製配置）,レンガ,repeat.brick,0.5,0.53,0.53,0.53,0.73,0.53,0.53,0.4,レンガ積みのように複製する。
リピート（複製配置）,敷き詰め,repeat.fill,0.5,0.53,0.53,0.53,0.93,0.53,0.53,0.53,画面を埋めるように複製する。
