演出名,演出の説明,カテゴリ
フェードイン,透明から徐々に不透明になって現れる,出現
フェードアウト,徐々に透明になって消える,消去
クロスフェード,前の文字が消えながら次の文字が重なって現れる,切り替え
ポップイン,小さい状態から勢いよく拡大して現れる,出現
ポップアウト,拡大しながら弾けるように消える,消去
バウンスイン,弾みながら着地するように現れる,出現
バウンスアウト,弾んでから画面外へ消える,消去
オーバーシュート,目標サイズを一度超えてから戻って落ち着く,イージング
スケールアップ,小さい状態から等倍まで拡大する,出現
スケールダウン,大きい状態から縮小して現れる,出現
ズームイン,カメラが寄るように大きくなって現れる,出現
ズームアウト,カメラが引くように小さくなって消える,消去
スライドイン,画面外から滑り込んで現れる,出現
スライドアウト,画面外へ滑り出て消える,消去
ワイプイン,マスクが横切るように文字が現れる,出現
ワイプアウト,マスクが横切るように文字が消える,消去
リビール,マスクや帯が開いて文字を見せる,出現
ブラインド,ブラインドが開くように縞状に現れる,出現
バーンドア,両側の扉が開くように中央から現れる,出現
アイリスイン,円形マスクが広がって現れる,出現
アイリスアウト,円形マスクが縮んで消える,消去
ブラーイン,ぼかしから焦点が合って現れる,出現
ブラーアウト,ぼかしながら消える,消去
フォーカスイン,ピントが合うように鮮明になる,出現
デフォーカス,ピントが外れてぼやける,強調
ドロップイン,上から落ちて着地する,出現
ドロップアウト,下へ落ちて消える,消去
ライズアップ,下からせり上がって現れる,出現
せり上がり,下端から文字が持ち上がるように現れる,出現
せり下がり,上から降りるように現れる,出現
フリップイン,板が回転するように裏返って現れる,出現
フリップアウト,板が回転するように裏返って消える,消去
スピンイン,回転しながら拡大して現れる,出現
スピンアウト,回転しながら縮小して消える,消去
ロールイン,転がるように画面へ入ってくる,出現
ロールアウト,転がるように画面から出ていく,消去
スイングイン,振り子のように揺れながら現れる,出現
ホイップイン,高速で振り込まれるように現れる,出現
ホイップパン,高速のパンでぼかしながら切り替える,切り替え
カーテンオープン,幕が左右に開いて現れる,出現
カーテンクローズ,幕が閉じて隠れる,消去
アコーディオン,蛇腹のように折りたたまれて展開する,出現
ブロックイン,四角いブロックが組み上がって現れる,出現
ピクセルイン,モザイクが細かくなって現れる,出現
モザイクアウト,モザイクが粗くなって消える,消去
ディゾルブ,ランダムな点で入れ替わるように現れる,切り替え
グロウイン,光が膨らむように発光して現れる,出現
フラッシュイン,白い閃光とともに現れる,出現
フラッシュ,一瞬白く光らせて注目を集める,強調
点滅,表示と非表示を繰り返す,強調
ブリンク,短く素早く点滅する,強調
パルス,拡大縮小や明滅を一定間隔で繰り返す,強調
ハートビート,心臓の鼓動のように二拍で脈打つ,強調
バウンス,上下に弾み続ける,強調
ジャンプ,文字が跳ねて着地する,強調
ホップ,小さく跳ねる動きを繰り返す,強調
シェイク,左右や上下に細かく震わせる,強調
バイブレーション,高速で微振動させる,強調
ウィグル,不規則にくねくね動く,強調
ウォブル,ゼリーのようにぐらぐら揺れる,強調
スウェイ,ゆっくり左右に揺れる,強調
ラバーバンド,ゴムのように伸び縮みして戻る,強調
スクワッシュアンドストレッチ,潰れて伸びる誇張変形で弾力を出す,強調
ジェリー,ゼリー状にぷるぷる震える,強調
ティルト,斜めに傾けて目立たせる,強調
ふわふわ,ゆっくり上下に漂う,常時動作
フロート,浮遊するように漂い続ける,常時動作
ホバー,一定位置で小さく浮いて見える,常時動作
ゆらゆら,風に揺れるように微かに揺れる,常時動作
ブレス,呼吸するように拡大縮小を繰り返す,常時動作
スウィング,振り子のように回転して揺れる,常時動作
コンスタントスピン,一定速度で回転し続ける,常時動作
オービット,他の要素の周りを周回する,常時動作
ウェーブ,文字が波打つように上下する,波・流れ
サインウェーブ,正弦波に沿って文字を上下させる,波・流れ
フラッグウェーブ,旗がはためくように歪む,波・流れ
リップル,水面の波紋のように歪む,波・流れ
スネーク,蛇行する経路を文字が進む,波・流れ
パスアニメーション,指定した曲線に沿って文字を動かす,移動
テキストオンパス,曲線上に文字を並べる,配置
アーチ,文字を弧状に並べる,配置
サークルテキスト,円周上に文字を並べて回す,配置
スパイラル,渦巻き状に文字を並べて動かす,配置
スクロール,縦方向に文字を流し続ける,移動
横スクロール,右から左へ文字を流す（ニュースのテロップ等）,移動
クロール,画面下を文字が流れる字幕表現,移動
エンドロール,画面下から上へ長文がゆっくり流れる,移動
ティッカー,画面端を横に流れ続ける速報表示,移動
マーキー,枠内を流れる文字,移動
ローリング,縦に回転する文字盤のように切り替わる,切り替え
ロールオーバー,円柱が回るように文字が入れ替わる,切り替え
スロットマシン,スロットのリールのように文字が回って止まる,切り替え
スプリットフラップ,駅の反転フラップ表示のようにめくって切り替える,切り替え
カウントアップ,数字が0から目標値まで増えていく,数値
カウントダウン,数字が減っていく,数値
ナンバーロール,数字の桁が回転して値が変わる,数値
ランダムシャッフル,ランダムな文字が高速で入れ替わり最終文字に収束する,文字単位
デコード,暗号が解けるように文字が解読されていく,文字単位
スクランブル,文字化けのような文字から正しい文字へ変わる,文字単位
タイプライター,一文字ずつ打たれるように現れる,タイピング
タイピングカーソル付き,点滅カーソルとともに入力される,タイピング
ディレイタイプ,ランダムな間隔で打鍵するように現れる,タイピング
バックスペース,文字が一文字ずつ削除される,タイピング
タイプオーバー,打ち直しのように置き換わる,タイピング
一文字ずつ表示,一文字ずつ順に現れる,文字単位
一文字ずつフェード,文字ごとに時間差でフェードインする,文字単位
文字ごとスライド,文字ごとに時間差でスライドインする,文字単位
文字ごとバウンス,文字ごとに順番に弾む,文字単位
文字ごとスケール,文字ごとに時間差で拡大する,文字単位
文字ごと回転,文字ごとに時間差で回転しながら現れる,文字単位
ランダム順表示,文字がランダムな順で現れる,文字単位
中央から外へ,中央の文字から外側へ広がって現れる,文字単位
外から中央へ,両端から中央に向かって現れる,文字単位
単語ごと表示,単語単位で順に現れる,単語・行単位
行ごと表示,行単位で順に現れる,単語・行単位
行ごとスライド,行ごとに時間差でスライドインする,単語・行単位
カスケード,段々と連鎖して次々に現れる,単語・行単位
スタッガー,時間差をずらして連続させる基本手法,基本技法
ステップ,動きを段階的に区切ってカクカク動かす,基本技法
オフセット,文字ごとに開始時間や位置をずらす,基本技法
トラッキング拡大,文字間隔が広がりながら現れる,出現
トラッキングイン,広い字間から狭まって現れる,出現
文字間アニメーション,字間が伸び縮みする,強調
ケーニング変化,特定の文字間だけを動かす,強調
ストレッチ,文字を縦横に引き伸ばす,変形
スキュー,斜めに歪ませる,変形
パースペクティブ,遠近をつけて奥行きを出す,3D
3D回転,奥行き軸で文字を回転させる,3D
Y軸回転,縦軸を中心に文字が回る,3D
X軸回転,横軸を中心に文字が回る,3D
カード反転,カードをめくるように裏表が入れ替わる,3D
押し出し,文字に厚みを与えた立体表現,3D
エクストルード,文字を奥へ押し出して立体化する,3D
ベベル,文字の縁を斜めに削った立体感を付ける,質感
スターウォーズ風,奥へ遠ざかりながら流れる傾斜スクロール,3D
カメラフライスルー,カメラが文字の間を通り抜ける,3D
パララックス,レイヤーごとの速度差で奥行きを出す,3D
ドロップシャドウ,文字の背後に影を落として浮かせる,質感
ロングシャドウ,斜めに長く伸びる影を付ける,質感
インナーシャドウ,文字内側に影を入れて凹んで見せる,質感
グロー,文字の周囲が発光する,質感
ネオン,ネオン管のように光る,質感
ネオン点灯,ネオン管がチカチカして点灯する,質感
アウトライン,文字の輪郭線を付ける,質感
縁取り,文字の外側に太い縁を付ける,質感
二重縁,縁取りを二重にして目立たせる,質感
グラデーション,文字内で色が滑らかに変化する,質感
グラデーション流れ,グラデーションが文字内を流れる,常時動作
レインボー,虹色が順に巡る,常時動作
カラーサイクル,色相が時間とともに変化する,常時動作
カラーフラッシュ,色が一瞬切り替わって強調する,強調
カラーワイプ,色が左から右へ塗り替わる,強調
ハイライト,背景に蛍光ペンのような帯を引く,強調
マーカー,手書きのマーカー線が引かれる,強調
下線ドロー,下線が伸びて引かれる,強調
取り消し線,文字の上に線が引かれて消される,強調
囲み,文字を枠で囲って強調する,強調
ボックスワイプ,背景ボックスが広がって文字を載せる,出現
帯スライド,帯が走って文字を出現させる,出現
ストライプ,縞模様が横切る,質感
シャイン,光が文字の上を横切る,質感
グリント,きらりと一瞬光る反射,質感
スパークル,きらきらと星が瞬く,質感
キラキラ,小さい光の粒が散らばる,質感
パーティクル,粒子が集まったり散ったりして文字を形成する,パーティクル
パーティクルバースト,文字が粒子に弾けて消える,パーティクル
パーティクル集合,粒子が集まって文字になる,パーティクル
ダストアウト,砂や塵になって風に消える,パーティクル
サノス消滅,文字が灰のように崩れて消える,パーティクル
ディスインテグレート,細かい破片へ崩壊して散る,パーティクル
シャッター,ガラスが割れるように砕ける,破壊
シャッタリング,破片が飛び散りながら消える,破壊
爆発,爆発して文字が飛び散る,破壊
ひび割れ,ひびが入って割れていく,破壊
崩れ落ち,積み木のように崩れ落ちる,破壊
紙吹雪,紙吹雪が舞って祝福を演出する,パーティクル
雪,雪が降る中に文字を置く,パーティクル
炎,炎のように揺らめく文字,質感
ファイア,燃え上がる文字,質感
煙,煙のように立ち上り消える,質感
スモーク,煙の中から現れる,質感
ミスト,霧が晴れて文字が見える,質感
ウォーター,水に沈むような歪みを加える,質感
水中,水の屈折のように揺らぐ,質感
陽炎,熱気で揺らぐように歪む,質感
ホログラム,ホログラムのように半透明で走査線が走る,質感
スキャンライン,走査線が上下に動く,質感
CRTモニタ風,ブラウン管のように曲面と走査線で表示する,質感
VHS風,古いビデオテープ風のノイズと色ずれ,グリッチ・ノイズ
グリッチ,画面が乱れてずれる電子的な演出,グリッチ・ノイズ
RGBずれ,赤緑青のチャンネルをずらして表示する,グリッチ・ノイズ
色収差,色がにじむ光学的ずれを再現する,グリッチ・ノイズ
スライスグリッチ,横に切った帯がずれる,グリッチ・ノイズ
ブロックノイズ,四角いノイズが走る,グリッチ・ノイズ
ノイズ,ざらざらとした砂嵐のようなノイズを重ねる,グリッチ・ノイズ
砂嵐,テレビ放送終了後のような白黒の砂嵐,グリッチ・ノイズ
データモッシュ,圧縮崩れのような映像の溶け方,グリッチ・ノイズ
ジッター,小刻みにランダムにぶれる,グリッチ・ノイズ
ストロボ,高速点滅で頻繁にコマを切り替える,強調
フィルムバーン,フィルムが焼けたような光漏れ,質感
フィルムグレイン,粒状感を加えてフィルム調にする,質感
ライトリーク,光漏れで温かな色味を加える,質感
ビネット,周辺を暗くして中央に視線を集める,質感
ポスタライズ,階調を落として絵のように見せる,質感
モノクロ,色を失って白黒になる,質感
セピア,古い写真のような茶色調にする,質感
ハーフトーン,網点で文字を表現する,質感
ドット絵風,ドット絵のように粗い画素で描く,質感
ピクセレート,粗い画素へ崩して表示する,質感
ワイヤーフレーム,線画だけで立体を描く,3D
ブループリント,青図面のような線画で描く,質感
手書きアニメーション,一筆ずつ手で書くようにストロークが描かれる,描画
ストロークドロー,文字の輪郭が一筆書きで描かれる,描画
トリムパス,パスの描画範囲を伸ばして線を描く,描画
ライン描画,線が走って文字の形を作る,描画
筆書き,筆で書くように太さが変化して描かれる,描画
書き文字,筆記体が書かれていく,描画
スケッチ,鉛筆で書き殴ったような粗い線,描画
落書き,ラフなタッチで描き込む,描画
チョーク,黒板にチョークで書いたような質感,描画
コミック風,漫画風の効果線や吹き出しを付ける,漫画・TV風
効果線,集中線や流線で勢いを出す,漫画・TV風
集中線,中央に向けた線で注目を集める,漫画・TV風
ドンッ,衝撃を示す大きな文字が叩きつけられる,漫画・TV風
ババーン,勢いよく登場して画面を揺らす,漫画・TV風
バラエティテロップ,色縁付きの太文字で笑いどころを示す,漫画・TV風
ポップなテロップ,丸ゴシックと色縁で楽しく見せる,漫画・TV風
ツッコミテロップ,ツッコミ文を強調する手書き風装飾,漫画・TV風
ニュース速報,赤帯で速報を告げる,漫画・TV風
スーパーインポーズ,映像の上に重ねて字幕を表示する,基本技法
ローワーサード,画面下3分の1に出る人物名テロップ,基本技法
タイトルロール,作品タイトルをロゴ演出で見せる,基本技法
ロゴ演出,ロゴが組み上がる、ほどけるなどで登場する,基本技法
カラオケ塗り,歌に合わせて文字色が左から塗り替わる,カラオケ
カラオケワイプ,歌唱位置に合わせて色が進む,カラオケ
カラオケバウンス,歌唱中の文字が跳ねる,カラオケ
カラオケハイライト,歌う文字を光らせる,カラオケ
バウンシングボール,ボールが歌詞の上を跳ねて追う,カラオケ
行ごとカラオケ,現在歌う行だけを目立たせる,カラオケ
ルビ演出,ふりがなを同期して表示する,カラオケ
ワードハイライト,歌う単語を順に強調する,カラオケ
リリックモーション,歌詞に合わせて文字を動かす歌詞動画,歌詞動画
キネティックタイポグラフィ,言葉の意味やリズムに合わせて文字を動かす,歌詞動画
タイポグラフィモーション,文字のサイズや配置を変化させる表現,歌詞動画
ワードプレス,文字を重ねて大きく見せる,歌詞動画
ビート同期,音のビートに合わせて文字が動く,歌詞動画
オーディオリアクティブ,音量に反応して文字が変化する,歌詞動画
スペクトラム連動,音の周波数に反応して動く,歌詞動画
イコライザーバー,音量を示す棒グラフと一緒に表示する,歌詞動画
ワードスマッシュ,大きな文字が画面に叩きつけられる,歌詞動画
スマッシュカット,次の単語へ瞬時に切り替える,歌詞動画
テキストスタック,単語を積み上げて画面を埋める,歌詞動画
テキストパターン,同じ文字を敷き詰めて背景にする,歌詞動画
リピート,同じ文字を繰り返して増殖させる,歌詞動画
エコー,残像のように文字が重なって残る,歌詞動画
ミラー,鏡像に複製して配置する,歌詞動画
トレイル,動いた軌跡に残像を引く,歌詞動画
モーションブラー,速い動きに伴うぼけを付ける,基本技法
ゴースト,薄い残像が付いてくる,質感
マスクリビール,形のマスクで切り抜いて出現する,出現
テキストマスク,文字の形で映像を切り抜く,マスク
文字抜き,文字の形に映像や背景をくり抜く,マスク
ビデオインテキスト,文字の中に映像を表示する,マスク
カットアウト,文字を切り抜いた型に動く背景を見せる,マスク
インバースマスク,文字以外を塗りつぶし文字を抜く,マスク
ダブルエクスポージャー,映像と文字を二重露光で重ねる,質感
ブレンドモード合成,スクリーンや加算で光を重ねる,質感
ブラックボックス,黒帯に白文字で字幕を表示する,基本技法
サブタイトルポップ,字幕が軽く跳ねて出る,基本技法
字幕スライド,字幕を下から軽く滑らせる,基本技法
アンダーライン展開,下線が伸びてから文字が出る,出現
ラインリビール,線が引かれてから文字が現れる,出現
ボックスリビール,箱が開くように文字が出る,出現
キューブ回転,立方体が回転して面が切り替わる,3D
ページめくり,本のページをめくるように切り替わる,切り替え
ペーパーフォールド,紙を折りたたむように変化する,切り替え
折り紙,折り紙のように折れて形が変わる,切り替え
カードスタック,カードを重ねて順に表示する,切り替え
スライドショー,複数のテキストを順に切り替える,切り替え
パンチイン,短く勢いのある拡大で現れる,出現
パンチアウト,短い拡大と共に消える,消去
スナップ,瞬時に所定位置へ吸着する,出現
スナップバック,引き戻される反動で定位置に戻る,イージング
イーズイン,ゆっくり動き出して加速する,イージング
イーズアウト,速く動き出して減速して止まる,イージング
イーズインアウト,加速してから減速して止まる,イージング
スプリング,バネのように振動しながら収束する,イージング
エラスティック,弾性を持った反動でゆれながら落ち着く,イージング
アンティシペーション,逆方向への溜めを作ってから動く,イージング
フォロースルー,動作後に余韻で少し揺れて止まる,イージング
オーバーラップ,動作を重ねて滑らかにつなぐ,イージング
ロックオン,照準が合うように文字へ収束する,強調
ターゲットスコープ,照準枠が現れて文字を狙う,強調
HUD風,ゲームやSF風の計器表示で文字を飾る,質感
SFインターフェース,SF映画風の情報パネル演出,質感
ターミナル風,黒背景に緑文字のコンソール表示,質感
マトリックス,文字が縦に降り注ぐ,質感
コードレイン,縦に流れる文字の雨,質感
ロード中表示,進捗のバーやスピナーで読み込みを示す,質感
プログレスバー,バーが伸びて進行を見せる,数値
ゲージ,ゲージが満ちて数値が上がる,数値
グラフ連動,グラフと文字を同期して動かす,数値
吹き出し,吹き出しが膨らんで文字が入る,漫画・TV風
チャット風,メッセージが順に現れる,漫画・TV風
LINE風,チャットアプリ風の会話吹き出しで表示する,漫画・TV風
コメント流し,動画の上に右から左へコメントが流れる,漫画・TV風
弾幕,大量のコメントが画面を埋める,漫画・TV風
ステッカー,ラベルのように貼り付く表現,漫画・TV風
スタンプ,ハンコを押すように現れる,出現
印鑑,ポンと押されて少し沈む,出現
テープ貼り,マスキングテープで貼られたように表示する,質感
ラベル,タグ状の枠に文字を載せる,質感
カラーバー,色の帯を並べて背景にする,質感
シェイプレイヤー連動,図形アニメーションと同期して文字を動かす,基本技法
ライン分割,文字を水平や垂直に分割してずらす,変形
スプリット,文字が二つに割れて開く,変形
スライスリビール,文字をスライスしてずらしながら出す,変形
ツイスト,ねじれるように回転しながら歪む,変形
ベンド,弧状に曲げる,変形
バルジ,膨らませるように歪ませる,変形
ピンチ,中央を絞るように歪ませる,変形
ワープ,空間を歪めるように変形する,変形
モーフィング,ある形から別の形へ変形する,変形
テキストモーフ,文字Aから文字Bへ滑らかに変化する,変形
シェイプチェンジ,文字が図形へ変わる,変形
アイコン変化,文字がアイコンへと変わる,変形
分解・再構成,文字が部品に分解してまとまる,変形
ストロークアニメ,線の太さが変化する,変形
ウェイト変化,フォントの太さが滑らかに変化する,変形
可変フォント,可変フォントの軸を動かして形を変える,変形
フォントチェンジ,フォントを高速で切り替える,変形
大文字小文字切替,大文字と小文字を交互に切り替える,文字単位
ランダムフォント,文字ごとに異なるフォントで表示する,文字単位
サイズ強弱,文字サイズに強弱を付けてリズムを作る,文字単位
ベースラインシフト,文字の基準線をずらして踊らせる,文字単位
文字ごとバラバラ,各文字を不規則に配置する,文字単位
文字拡散,文字が四方に飛び散る,文字単位
文字収束,散らばった文字が集まる,文字単位
文字落下,文字が重力で落ちる,文字単位
重力,物理演算で文字が積み重なる,物理
物理シミュレーション,衝突や反発を物理演算で再現する,物理
磁石,文字が引き合うように吸い寄せられる,物理
風,風に吹かれて飛ばされる,物理
吹き飛び,衝撃で画面外へ飛ばされる,物理
振り子,吊り下げられた文字が揺れる,物理
バネ揺れ,バネで吊られたように揺れる,物理
ロープ吊り,紐に吊られた看板のように揺れる,物理
クロス,布のようにたなびく,物理
ウォーターフォール,滝のように文字が流れ落ちる,物理
スライムリビール,粘液が垂れるように現れる,物理
インクドロップ,墨が紙に滲むように広がる,物理
インク滲み,インクがにじんで輪郭が柔らかくなる,質感
水彩,水彩画のように色がにじむ,質感
墨流し,墨が流れて文字を描く,質感
かすれ,筆のかすれのように文字を欠けさせる,質感
グランジ,ざらついた傷や汚れで荒い質感にする,質感
エイジング,古びたように汚れや傷を足す,質感
石,石に彫ったような質感にする,質感
金属,メタルの光沢と反射を付ける,質感
クローム,鏡面のように反射する金属質感,質感
ゴールド,金色の光沢を付ける,質感
ガラス,透明感と屈折のあるガラス質感,質感
氷,凍って霜が付く質感,質感
凍結,表面が凍り付く,質感
解凍,氷が溶けて文字が現れる,出現
バルーン,風船のように膨らむ,質感
ぷっくり,丸みのある立体で膨らんだ質感,質感
クレイ,粘土のような質感にする,質感
ペーパークラフト,紙を切り貼りしたような質感にする,質感
刺繍,縫い目で文字を表現する,質感
ニット,編み物のような質感で表現する,質感
ネオンサイン,看板のネオン風に枠を光らせる,質感
電球看板,電球が並んだ看板風に点灯する,質感
LED電光掲示板,ドット状のLED表示で文字を流す,質感
ドットマトリクス,点の集合で文字を表示する,質感
7セグメント,デジタル時計のような数字表示,質感
